model,score,timestep,number_of_edges_pos,number_of_edges_neg,test_agg,duplicate_edges,predictor,loss_func
GraphSage,0.6959591555989779,0,20940,20940,True,True,dotProduct,BCEWithLogits
GraphConv,0.700960219478738,126800,81,81,False,True,dotProduct,BCEWithLogits
GraphConv,0.6904899691358024,126820,72,72,False,True,dotProduct,BCEWithLogits
GraphConv,0.7009216008079788,126840,89,89,False,True,dotProduct,BCEWithLogits
GraphConv,0.6598837209302325,126860,86,86,False,True,dotProduct,BCEWithLogits
GraphConv,0.6879725897920606,126880,92,92,False,True,dotProduct,BCEWithLogits
GraphConv,0.7149018441403927,126900,82,82,False,True,dotProduct,BCEWithLogits
GraphConv,0.7510566356720203,126920,91,91,False,True,dotProduct,BCEWithLogits
GraphConv,0.7330526926985049,126940,83,83,False,True,dotProduct,BCEWithLogits
GraphConv,0.6694122648528005,126960,97,97,False,True,dotProduct,BCEWithLogits
GraphConv,0.6880987088713035,126980,98,98,False,True,dotProduct,BCEWithLogits
GraphConv,0.7280317085511891,127000,77,77,False,True,dotProduct,BCEWithLogits
GraphConv,0.7065742491073304,127020,69,69,False,True,dotProduct,BCEWithLogits
GraphConv,0.6846238130021914,127040,74,74,False,True,dotProduct,BCEWithLogits
GraphConv,0.7532297866163449,127060,83,83,False,True,dotProduct,BCEWithLogits
GraphConv,0.7273914936855858,127080,83,83,False,True,dotProduct,BCEWithLogits
GraphConv,0.6862682262457939,127100,79,79,False,True,dotProduct,BCEWithLogits
GraphConv,0.6767290249433106,127120,84,84,False,True,dotProduct,BCEWithLogits
GraphConv,0.667609778180172,127140,94,94,False,True,dotProduct,BCEWithLogits
GraphConv,0.7139100346020761,127160,85,85,False,True,dotProduct,BCEWithLogits
GraphConv,0.6689650166932791,127180,83,83,False,True,dotProduct,BCEWithLogits
GraphConv,0.6183819155264724,127200,82,82,False,True,dotProduct,BCEWithLogits
GraphConv,0.7261751033057852,127220,88,88,False,True,dotProduct,BCEWithLogits
GraphConv,0.6128729592794145,127240,73,73,False,True,dotProduct,BCEWithLogits
GraphConv,0.6234410430839002,127260,84,84,False,True,dotProduct,BCEWithLogits
GraphConv,0.7132642998027613,127280,78,78,False,True,dotProduct,BCEWithLogits
GraphConv,0.7781947832613999,127300,73,73,False,True,dotProduct,BCEWithLogits
GraphConv,0.7184418145956607,127320,78,78,False,True,dotProduct,BCEWithLogits
GraphConv,0.7055927281908849,127340,89,89,False,True,dotProduct,BCEWithLogits
GraphConv,0.7443310657596371,127360,84,84,False,True,dotProduct,BCEWithLogits
GraphConv,0.6891127206880941,127380,94,94,False,True,dotProduct,BCEWithLogits
GraphConv,0.6231131505856781,127400,91,91,False,True,dotProduct,BCEWithLogits
GraphConv,0.7349489407102576,127420,81,81,False,True,dotProduct,BCEWithLogits
GraphConv,0.7092444444444445,127440,75,75,False,True,dotProduct,BCEWithLogits
GraphConv,0.7325927395358064,127460,71,71,False,True,dotProduct,BCEWithLogits
GraphConv,0.7261538461538461,127480,65,65,False,True,dotProduct,BCEWithLogits
GraphConv,0.7177545110269548,127500,67,67,False,True,dotProduct,BCEWithLogits
GraphConv,0.6508725839744792,127520,73,73,False,True,dotProduct,BCEWithLogits
GraphConv,0.7018143961927424,127540,82,82,False,True,dotProduct,BCEWithLogits
GraphConv,0.7144688351225765,127560,79,79,False,True,dotProduct,BCEWithLogits
GraphConv,0.6331107562781245,127580,83,83,False,True,dotProduct,BCEWithLogits
GraphConv,0.6466398831263694,127600,74,74,False,True,dotProduct,BCEWithLogits
GraphConv,0.6740321402483564,127620,74,74,False,True,dotProduct,BCEWithLogits
GraphConv,0.6572781065088757,127640,65,65,False,True,dotProduct,BCEWithLogits
GraphConv,0.624294544477291,127660,61,61,False,True,dotProduct,BCEWithLogits
GraphConv,0.6542503283918183,127680,73,73,False,True,dotProduct,BCEWithLogits
GraphConv,0.6957807041117979,127700,61,61,False,True,dotProduct,BCEWithLogits
GraphConv,0.6571091246415921,127720,77,77,False,True,dotProduct,BCEWithLogits
GraphConv,0.6665344177742513,127740,71,71,False,True,dotProduct,BCEWithLogits
GraphConv,0.7096806189248166,127760,71,71,False,True,dotProduct,BCEWithLogits
GraphConv,0.616782188615837,127780,69,69,False,True,dotProduct,BCEWithLogits
GraphConv,0.571062329754847,127800,79,79,False,True,dotProduct,BCEWithLogits
GraphConv,0.6399523903987304,127820,71,71,False,True,dotProduct,BCEWithLogits
GraphConv,0.7012497520333268,127840,71,71,False,True,dotProduct,BCEWithLogits
GraphConv,0.7036734693877551,127860,70,70,False,True,dotProduct,BCEWithLogits
GraphConv,0.7410650887573964,127880,65,65,False,True,dotProduct,BCEWithLogits
GraphConv,0.7297297297297297,127900,74,74,False,True,dotProduct,BCEWithLogits
GraphConv,0.7945897740784781,127920,58,58,False,True,dotProduct,BCEWithLogits
GraphConv,0.7279750164365548,127940,78,78,False,True,dotProduct,BCEWithLogits
GraphConv,0.7708949207202365,127960,61,61,False,True,dotProduct,BCEWithLogits
GraphConv,0.7618699780861943,127980,37,37,False,True,dotProduct,BCEWithLogits
GraphConv,0.719848566792861,128000,43,43,False,True,dotProduct,BCEWithLogits
GraphConv,0.7419659735349716,128020,46,46,False,True,dotProduct,BCEWithLogits
GraphConv,0.7080811676753292,128040,53,53,False,True,dotProduct,BCEWithLogits
GraphConv,0.6631944444444444,128060,48,48,False,True,dotProduct,BCEWithLogits
GraphConv,0.6768990634755463,128080,62,62,False,True,dotProduct,BCEWithLogits
GraphConv,0.72050524052674,128100,61,61,False,True,dotProduct,BCEWithLogits
GraphConv,0.7474380165289256,128120,55,55,False,True,dotProduct,BCEWithLogits
GraphConv,0.7012244897959184,128140,70,70,False,True,dotProduct,BCEWithLogits
GraphConv,0.6941550925925926,128160,72,72,False,True,dotProduct,BCEWithLogits
GraphConv,0.6864095500459136,128180,66,66,False,True,dotProduct,BCEWithLogits
GraphConv,0.7015457788347207,128200,58,58,False,True,dotProduct,BCEWithLogits
GraphConv,0.6783376314223369,128220,71,71,False,True,dotProduct,BCEWithLogits
GraphConv,0.6721777777777779,128240,75,75,False,True,dotProduct,BCEWithLogits
GraphConv,0.6936094674556212,128260,65,65,False,True,dotProduct,BCEWithLogits
GraphConv,0.6962890625,128280,64,64,False,True,dotProduct,BCEWithLogits
GraphConv,0.6919642857142857,128300,56,56,False,True,dotProduct,BCEWithLogits
GraphConv,0.786612426035503,128320,52,52,False,True,dotProduct,BCEWithLogits
GraphConv,0.7819999999999999,128340,50,50,False,True,dotProduct,BCEWithLogits
GraphConv,0.7455862381167949,128360,47,47,False,True,dotProduct,BCEWithLogits
GraphConv,0.7468850124599502,128380,53,53,False,True,dotProduct,BCEWithLogits
GraphConv,0.7302,128400,50,50,False,True,dotProduct,BCEWithLogits
GraphConv,0.7014486192847441,128420,47,47,False,True,dotProduct,BCEWithLogits
GraphConv,0.6937661591496697,128440,59,59,False,True,dotProduct,BCEWithLogits
GraphConv,0.6536989795918368,128460,56,56,False,True,dotProduct,BCEWithLogits
GraphConv,0.6786694101508917,128480,54,54,False,True,dotProduct,BCEWithLogits
GraphConv,0.681276432141484,128500,51,51,False,True,dotProduct,BCEWithLogits
GraphConv,0.7279892349096502,128520,51,51,False,True,dotProduct,BCEWithLogits
GraphConv,0.7380732533087104,128540,57,57,False,True,dotProduct,BCEWithLogits
GraphConv,0.7092307692307692,128560,65,65,False,True,dotProduct,BCEWithLogits
GraphConv,0.693479938271605,128580,72,72,False,True,dotProduct,BCEWithLogits
GraphConv,0.6465794306703398,128600,66,66,False,True,dotProduct,BCEWithLogits
GraphConv,0.7342745638200183,128620,66,66,False,True,dotProduct,BCEWithLogits
GraphConv,0.7123702422145329,128640,68,68,False,True,dotProduct,BCEWithLogits
GraphConv,0.746768170066073,128660,59,59,False,True,dotProduct,BCEWithLogits
GraphConv,0.7983119173595364,128680,63,63,False,True,dotProduct,BCEWithLogits
GraphConv,0.6933333333333334,128700,45,45,False,True,dotProduct,BCEWithLogits
GraphConv,0.6609325486645541,128720,47,47,False,True,dotProduct,BCEWithLogits
GraphConv,0.7531718569780854,128740,51,51,False,True,dotProduct,BCEWithLogits
GraphConv,0.7455226988754685,128760,49,49,False,True,dotProduct,BCEWithLogits
GraphConv,0.7755198487712666,128780,46,46,False,True,dotProduct,BCEWithLogits
GraphConv,0.7203443877551019,128800,56,56,False,True,dotProduct,BCEWithLogits
GraphConv,0.745679012345679,128820,45,45,False,True,dotProduct,BCEWithLogits
GraphConv,0.7213387573964498,128840,52,52,False,True,dotProduct,BCEWithLogits
GraphConv,0.6177285318559557,128860,38,38,False,True,dotProduct,BCEWithLogits
GraphConv,0.6466743560169166,128880,51,51,False,True,dotProduct,BCEWithLogits
GraphConv,0.6424,128900,50,50,False,True,dotProduct,BCEWithLogits
GraphConv,0.7088,128920,50,50,False,True,dotProduct,BCEWithLogits
GraphConv,0.7041322314049587,128940,55,55,False,True,dotProduct,BCEWithLogits
GraphConv,0.7368595041322313,128960,55,55,False,True,dotProduct,BCEWithLogits
GraphConv,0.765504753282028,128980,47,47,False,True,dotProduct,BCEWithLogits
GraphConv,0.7337642351492768,129000,57,57,False,True,dotProduct,BCEWithLogits
GraphConv,0.7474112426035503,129020,52,52,False,True,dotProduct,BCEWithLogits
GraphConv,0.7256235827664399,129040,42,42,False,True,dotProduct,BCEWithLogits
GraphConv,0.7107166337935569,129060,39,39,False,True,dotProduct,BCEWithLogits
GraphConv,0.7344510546241211,129080,43,43,False,True,dotProduct,BCEWithLogits
GraphConv,0.7140039447731754,129100,39,39,False,True,dotProduct,BCEWithLogits
GraphConv,0.7661728395061729,129120,45,45,False,True,dotProduct,BCEWithLogits
GraphConv,0.717687074829932,129140,42,42,False,True,dotProduct,BCEWithLogits
GraphConv,0.6791836734693877,129160,35,35,False,True,dotProduct,BCEWithLogits
GraphConv,0.6878251821019772,129180,31,31,False,True,dotProduct,BCEWithLogits
GraphConv,0.6695501730103807,129200,34,34,False,True,dotProduct,BCEWithLogits
GraphConv,0.6574141709276845,129220,37,37,False,True,dotProduct,BCEWithLogits
GraphConv,0.6849173553719008,129240,44,44,False,True,dotProduct,BCEWithLogits
GraphConv,0.6815193571950329,129260,37,37,False,True,dotProduct,BCEWithLogits
GraphConv,0.6625273922571221,129280,37,37,False,True,dotProduct,BCEWithLogits
GraphConv,0.6430696014277216,129300,41,41,False,True,dotProduct,BCEWithLogits
GraphConv,0.584375,129320,40,40,False,True,dotProduct,BCEWithLogits
GraphConv,0.6594345825115056,129340,39,39,False,True,dotProduct,BCEWithLogits
GraphConv,0.7749307479224377,129360,38,38,False,True,dotProduct,BCEWithLogits
GraphConv,0.620525931336742,129380,37,37,False,True,dotProduct,BCEWithLogits
GraphConv,0.6337809917355373,129400,44,44,False,True,dotProduct,BCEWithLogits
GraphConv,0.669921875,129420,48,48,False,True,dotProduct,BCEWithLogits
GraphConv,0.7360537190082643,129440,44,44,False,True,dotProduct,BCEWithLogits
GraphConv,0.7250692520775623,129460,38,38,False,True,dotProduct,BCEWithLogits
GraphConv,0.625,129480,40,40,False,True,dotProduct,BCEWithLogits
GraphConv,0.68115234375,129500,32,32,False,True,dotProduct,BCEWithLogits
GraphConv,0.7266666666666667,129520,30,30,False,True,dotProduct,BCEWithLogits
GraphConv,0.6989795918367346,129540,28,28,False,True,dotProduct,BCEWithLogits
GraphConv,0.6382001836547291,129560,33,33,False,True,dotProduct,BCEWithLogits
GraphConv,0.6760204081632654,129580,28,28,False,True,dotProduct,BCEWithLogits
GraphConv,0.7309458218549126,129600,33,33,False,True,dotProduct,BCEWithLogits
GraphConv,0.611328125,129620,32,32,False,True,dotProduct,BCEWithLogits
GraphConv,0.6432,129640,25,25,False,True,dotProduct,BCEWithLogits
GraphConv,0.6655555555555556,129660,30,30,False,True,dotProduct,BCEWithLogits
GraphConv,0.6559546313799621,129680,46,46,False,True,dotProduct,BCEWithLogits
GraphConv,0.5817263544536272,129700,33,33,False,True,dotProduct,BCEWithLogits
GraphConv,0.5792549306062819,129720,37,37,False,True,dotProduct,BCEWithLogits
GraphConv,0.7640603566529492,129740,27,27,False,True,dotProduct,BCEWithLogits
GraphConv,0.6822222222222223,129760,30,30,False,True,dotProduct,BCEWithLogits
GraphConv,0.53125,129780,32,32,False,True,dotProduct,BCEWithLogits
GraphConv,0.6784599375650363,129800,31,31,False,True,dotProduct,BCEWithLogits
GraphConv,0.6677551020408163,129820,35,35,False,True,dotProduct,BCEWithLogits
GraphConv,0.7158509861212564,129840,37,37,False,True,dotProduct,BCEWithLogits
GraphConv,0.6782407407407407,129860,36,36,False,True,dotProduct,BCEWithLogits
GraphConv,0.6007653061224489,129880,28,28,False,True,dotProduct,BCEWithLogits
GraphConv,0.6556473829201102,129900,33,33,False,True,dotProduct,BCEWithLogits
GraphConv,0.7762345679012346,129920,36,36,False,True,dotProduct,BCEWithLogits
GraphConv,0.7079889807162535,129940,33,33,False,True,dotProduct,BCEWithLogits
GraphConv,0.5927734375,129960,32,32,False,True,dotProduct,BCEWithLogits
GraphConv,0.7144970414201184,129980,26,26,False,True,dotProduct,BCEWithLogits
GraphConv,0.5876951331496786,130000,33,33,False,True,dotProduct,BCEWithLogits
GraphConv,0.672216441207076,130020,31,31,False,True,dotProduct,BCEWithLogits
GraphConv,0.7627471383975026,130040,31,31,False,True,dotProduct,BCEWithLogits
GraphConv,0.607421875,130060,32,32,False,True,dotProduct,BCEWithLogits
GraphConv,0.6074380165289257,130080,33,33,False,True,dotProduct,BCEWithLogits
GraphConv,0.6168947055324212,130100,41,41,False,True,dotProduct,BCEWithLogits
GraphConv,0.6063239644970413,130120,52,52,False,True,dotProduct,BCEWithLogits
GraphConv,0.7359433569346105,130140,49,49,False,True,dotProduct,BCEWithLogits
GraphConv,0.7265625,130160,32,32,False,True,dotProduct,BCEWithLogits
GraphConv,0.8222222222222223,130180,30,30,False,True,dotProduct,BCEWithLogits
GraphConv,0.783179012345679,130200,36,36,False,True,dotProduct,BCEWithLogits
GraphConv,0.7655555555555555,130220,30,30,False,True,dotProduct,BCEWithLogits
GraphConv,0.7807017543859649,130240,39,38,False,True,dotProduct,BCEWithLogits
GraphConv,0.701171875,130260,32,32,False,True,dotProduct,BCEWithLogits
GraphConv,0.6020408163265305,130280,35,35,False,True,dotProduct,BCEWithLogits
GraphConv,0.6191836734693876,130300,35,35,False,True,dotProduct,BCEWithLogits
GraphConv,0.7135999999999999,130320,25,25,False,True,dotProduct,BCEWithLogits
GraphConv,0.6124885215794307,130340,33,33,False,True,dotProduct,BCEWithLogits
GraphConv,0.6813317479191437,130360,29,29,False,True,dotProduct,BCEWithLogits
GraphConv,0.6448,130380,25,25,False,True,dotProduct,BCEWithLogits
GraphConv,0.7204861111111112,130400,24,24,False,True,dotProduct,BCEWithLogits
GraphConv,0.5955555555555555,130420,30,30,False,True,dotProduct,BCEWithLogits
GraphConv,0.6905864197530863,130440,36,36,False,True,dotProduct,BCEWithLogits
GraphConv,0.7290809327846366,130460,27,27,False,True,dotProduct,BCEWithLogits
GraphConv,0.718192627824019,130480,29,29,False,True,dotProduct,BCEWithLogits
GraphConv,0.7565036420395422,130500,31,31,False,True,dotProduct,BCEWithLogits
GraphConv,0.5377777777777778,130520,30,30,False,True,dotProduct,BCEWithLogits
GraphConv,0.5706771860618014,130540,39,39,False,True,dotProduct,BCEWithLogits
GraphConv,0.5853994490358126,130560,33,33,False,True,dotProduct,BCEWithLogits
GraphConv,0.6519274376417232,130580,21,21,False,True,dotProduct,BCEWithLogits
GraphConv,0.6611796982167353,130600,27,27,False,True,dotProduct,BCEWithLogits
GraphConv,0.6428571428571429,130620,35,35,False,True,dotProduct,BCEWithLogits
GraphConv,0.6090720221606648,130640,38,38,False,True,dotProduct,BCEWithLogits
GraphConv,0.7107750472589792,130660,23,23,False,True,dotProduct,BCEWithLogits
GraphConv,0.68,130680,15,15,False,True,dotProduct,BCEWithLogits
GraphConv,0.734375,130700,16,16,False,True,dotProduct,BCEWithLogits
GraphConv,0.7361111111111112,130720,12,12,False,True,dotProduct,BCEWithLogits
GraphConv,0.6870748299319728,130740,21,21,False,True,dotProduct,BCEWithLogits
GraphConv,0.7421875,130760,16,16,False,True,dotProduct,BCEWithLogits
GraphConv,0.8373702422145329,130780,17,17,False,True,dotProduct,BCEWithLogits
GraphConv,0.8800000000000001,130800,10,10,False,True,dotProduct,BCEWithLogits
GraphSage,0.5020576131687243,126800,81,81,False,False,dotProduct,BCEWithLogits
GraphSage,0.5561342592592592,126820,72,72,False,False,dotProduct,BCEWithLogits
GraphSage,0.5577578588562051,126840,89,89,False,False,dotProduct,BCEWithLogits
GraphSage,0.5966738777717685,126860,86,86,False,False,dotProduct,BCEWithLogits
GraphSage,0.5300094517958411,126880,92,92,False,False,dotProduct,BCEWithLogits
GraphSage,0.5591909577632362,126900,82,82,False,False,dotProduct,BCEWithLogits
GraphSage,0.5545224006762468,126920,91,91,False,False,dotProduct,BCEWithLogits
GraphSage,0.5852808825664103,126940,83,83,False,False,dotProduct,BCEWithLogits
GraphSage,0.5538845785949623,126960,97,97,False,False,dotProduct,BCEWithLogits
GraphSage,0.47199083715118695,126980,98,98,False,False,dotProduct,BCEWithLogits
GraphSage,0.5715972339348963,127000,77,77,False,False,dotProduct,BCEWithLogits
GraphSage,0.5227893299726949,127020,69,69,False,False,dotProduct,BCEWithLogits
GraphSage,0.5997078159240321,127040,74,74,False,False,dotProduct,BCEWithLogits
GraphSage,0.49905646683118016,127060,83,83,False,False,dotProduct,BCEWithLogits
GraphSage,0.5529104369284367,127080,83,83,False,False,dotProduct,BCEWithLogits
GraphSage,0.5678577151097581,127100,79,79,False,False,dotProduct,BCEWithLogits
GraphSage,0.5819160997732425,127120,84,84,False,False,dotProduct,BCEWithLogits
GraphSage,0.5899162516976008,127140,94,94,False,False,dotProduct,BCEWithLogits
GraphSage,0.5819377162629757,127160,85,85,False,False,dotProduct,BCEWithLogits
GraphSage,0.5671360139352591,127180,83,83,False,False,dotProduct,BCEWithLogits
GraphSage,0.5633551457465794,127200,82,82,False,False,dotProduct,BCEWithLogits
GraphSage,0.5330578512396694,127220,88,88,False,False,dotProduct,BCEWithLogits
GraphSage,0.4691311690748733,127240,73,73,False,False,dotProduct,BCEWithLogits
GraphSage,0.49390589569161,127260,84,84,False,False,dotProduct,BCEWithLogits
GraphSage,0.5417488494411572,127280,78,78,False,False,dotProduct,BCEWithLogits
GraphSage,0.5171702007881404,127300,73,73,False,False,dotProduct,BCEWithLogits
GraphSage,0.43080210387902695,127320,78,78,False,False,dotProduct,BCEWithLogits
GraphSage,0.4739931826789546,127340,89,89,False,False,dotProduct,BCEWithLogits
GraphSage,0.4760487528344671,127360,84,84,False,False,dotProduct,BCEWithLogits
GraphSage,0.5405160706201901,127380,94,94,False,False,dotProduct,BCEWithLogits
GraphSage,0.5526506460572393,127400,91,91,False,False,dotProduct,BCEWithLogits
GraphSage,0.4690595945739978,127420,81,81,False,False,dotProduct,BCEWithLogits
GraphSage,0.5237333333333334,127440,75,75,False,False,dotProduct,BCEWithLogits
GraphSage,0.5407657210870859,127460,71,71,False,False,dotProduct,BCEWithLogits
GraphSage,0.562603550295858,127480,65,65,False,False,dotProduct,BCEWithLogits
GraphSage,0.5373134328358209,127500,67,67,False,False,dotProduct,BCEWithLogits
GraphSage,0.5045974854569337,127520,73,73,False,False,dotProduct,BCEWithLogits
GraphSage,0.5512343842950624,127540,82,82,False,False,dotProduct,BCEWithLogits
GraphSage,0.4473642044544144,127560,79,79,False,False,dotProduct,BCEWithLogits
GraphSage,0.5179271302075773,127580,83,83,False,False,dotProduct,BCEWithLogits
GraphSage,0.5244704163623083,127600,74,74,False,False,dotProduct,BCEWithLogits
GraphSage,0.5586194302410518,127620,74,74,False,False,dotProduct,BCEWithLogits
GraphSage,0.5566863905325443,127640,65,65,False,False,dotProduct,BCEWithLogits
GraphSage,0.5732330018812148,127660,61,61,False,False,dotProduct,BCEWithLogits
GraphSage,0.5723400262713454,127680,73,73,False,False,dotProduct,BCEWithLogits
GraphSage,0.5697393173877989,127700,61,61,False,False,dotProduct,BCEWithLogits
GraphSage,0.48186878057007926,127720,77,77,False,False,dotProduct,BCEWithLogits
GraphSage,0.4547708787938901,127740,71,71,False,False,dotProduct,BCEWithLogits
GraphSage,0.5338226542352708,127760,71,71,False,False,dotProduct,BCEWithLogits
GraphSage,0.5528250367569838,127780,69,69,False,False,dotProduct,BCEWithLogits
GraphSage,0.5375741067136677,127800,79,79,False,False,dotProduct,BCEWithLogits
GraphSage,0.5779607220789527,127820,71,71,False,False,dotProduct,BCEWithLogits
GraphSage,0.625272763340607,127840,71,71,False,False,dotProduct,BCEWithLogits
GraphSage,0.5408163265306123,127860,70,70,False,False,dotProduct,BCEWithLogits
GraphSage,0.5715976331360947,127880,65,65,False,False,dotProduct,BCEWithLogits
GraphSage,0.5741417092768444,127900,74,74,False,False,dotProduct,BCEWithLogits
GraphSage,0.4937574316290131,127920,58,58,False,False,dotProduct,BCEWithLogits
GraphSage,0.6210552268244577,127940,78,78,False,False,dotProduct,BCEWithLogits
GraphSage,0.555495834453104,127960,61,61,False,False,dotProduct,BCEWithLogits
GraphSage,0.5829072315558803,127980,37,37,False,False,dotProduct,BCEWithLogits
GraphSage,0.4780962682531098,128000,43,43,False,False,dotProduct,BCEWithLogits
GraphSage,0.5949905482041588,128020,46,46,False,False,dotProduct,BCEWithLogits
GraphSage,0.5279458882164472,128040,53,53,False,False,dotProduct,BCEWithLogits
GraphSage,0.5314670138888888,128060,48,48,False,False,dotProduct,BCEWithLogits
GraphSage,0.5176899063475546,128080,62,62,False,False,dotProduct,BCEWithLogits
GraphSage,0.6967213114754098,128100,61,61,False,False,dotProduct,BCEWithLogits
GraphSage,0.5973553719008264,128120,55,55,False,False,dotProduct,BCEWithLogits
GraphSage,0.5263265306122449,128140,70,70,False,False,dotProduct,BCEWithLogits
GraphSage,0.6051311728395062,128160,72,72,False,False,dotProduct,BCEWithLogits
GraphSage,0.5587695133149678,128180,66,66,False,False,dotProduct,BCEWithLogits
GraphSage,0.5520214030915577,128200,58,58,False,False,dotProduct,BCEWithLogits
GraphSage,0.584804602261456,128220,71,71,False,False,dotProduct,BCEWithLogits
GraphSage,0.6336000000000002,128240,75,75,False,False,dotProduct,BCEWithLogits
GraphSage,0.5893491124260355,128260,65,65,False,False,dotProduct,BCEWithLogits
GraphSage,0.584228515625,128280,64,64,False,False,dotProduct,BCEWithLogits
GraphSage,0.5580357142857143,128300,56,56,False,False,dotProduct,BCEWithLogits
GraphSage,0.610207100591716,128320,52,52,False,False,dotProduct,BCEWithLogits
GraphSage,0.6244000000000001,128340,50,50,False,False,dotProduct,BCEWithLogits
GraphSage,0.5273879583521955,128360,47,47,False,False,dotProduct,BCEWithLogits
GraphSage,0.5090779636881453,128380,53,53,False,False,dotProduct,BCEWithLogits
GraphSage,0.544,128400,50,50,False,False,dotProduct,BCEWithLogits
GraphSage,0.549117247623359,128420,47,47,False,False,dotProduct,BCEWithLogits
GraphSage,0.5587474863544959,128440,59,59,False,False,dotProduct,BCEWithLogits
GraphSage,0.5840242346938775,128460,56,56,False,False,dotProduct,BCEWithLogits
GraphSage,0.6694101508916324,128480,54,54,False,False,dotProduct,BCEWithLogits
GraphSage,0.6028450595924644,128500,51,51,False,False,dotProduct,BCEWithLogits
GraphSage,0.6666666666666667,128520,51,51,False,False,dotProduct,BCEWithLogits
GraphSage,0.5473991997537704,128540,57,57,False,False,dotProduct,BCEWithLogits
GraphSage,0.5479289940828402,128560,65,65,False,False,dotProduct,BCEWithLogits
GraphSage,0.5786072530864198,128580,72,72,False,False,dotProduct,BCEWithLogits
GraphSage,0.5649678604224059,128600,66,66,False,False,dotProduct,BCEWithLogits
GraphSage,0.5945821854912765,128620,66,66,False,False,dotProduct,BCEWithLogits
GraphSage,0.5344939446366782,128640,68,68,False,False,dotProduct,BCEWithLogits
GraphSage,0.5517092789428325,128660,59,59,False,False,dotProduct,BCEWithLogits
GraphSage,0.5971277399848829,128680,63,63,False,False,dotProduct,BCEWithLogits
GraphSage,0.62,128700,45,45,False,False,dotProduct,BCEWithLogits
GraphSage,0.5842009959257582,128720,47,47,False,False,dotProduct,BCEWithLogits
GraphSage,0.5559400230680507,128740,51,51,False,False,dotProduct,BCEWithLogits
GraphSage,0.6384839650145773,128760,49,49,False,False,dotProduct,BCEWithLogits
GraphSage,0.6063327032136107,128780,46,46,False,False,dotProduct,BCEWithLogits
GraphSage,0.6138392857142857,128800,56,56,False,False,dotProduct,BCEWithLogits
GraphSage,0.6607407407407407,128820,45,45,False,False,dotProduct,BCEWithLogits
GraphSage,0.5643491124260355,128840,52,52,False,False,dotProduct,BCEWithLogits
GraphSage,0.5976454293628808,128860,38,38,False,False,dotProduct,BCEWithLogits
GraphSage,0.5755478662053056,128880,51,51,False,False,dotProduct,BCEWithLogits
GraphSage,0.6136,128900,50,50,False,False,dotProduct,BCEWithLogits
GraphSage,0.6028,128920,50,50,False,False,dotProduct,BCEWithLogits
GraphSage,0.5808264462809917,128940,55,55,False,False,dotProduct,BCEWithLogits
GraphSage,0.5910743801652892,128960,55,55,False,False,dotProduct,BCEWithLogits
GraphSage,0.5814848347668629,128980,47,47,False,False,dotProduct,BCEWithLogits
GraphSage,0.7057556171129579,129000,57,57,False,False,dotProduct,BCEWithLogits
GraphSage,0.6290680473372782,129020,52,52,False,False,dotProduct,BCEWithLogits
GraphSage,0.6116780045351474,129040,42,42,False,False,dotProduct,BCEWithLogits
GraphSage,0.7146614069690993,129060,39,39,False,False,dotProduct,BCEWithLogits
GraphSage,0.6162790697674418,129080,43,43,False,False,dotProduct,BCEWithLogits
GraphSage,0.6817882971729126,129100,39,39,False,False,dotProduct,BCEWithLogits
GraphSage,0.6785185185185184,129120,45,45,False,False,dotProduct,BCEWithLogits
GraphSage,0.6111111111111112,129140,42,42,False,False,dotProduct,BCEWithLogits
GraphSage,0.6710204081632652,129160,35,35,False,False,dotProduct,BCEWithLogits
GraphSage,0.5879292403746097,129180,31,31,False,False,dotProduct,BCEWithLogits
GraphSage,0.610726643598616,129200,34,34,False,False,dotProduct,BCEWithLogits
GraphSage,0.6113951789627465,129220,37,37,False,False,dotProduct,BCEWithLogits
GraphSage,0.546487603305785,129240,44,44,False,False,dotProduct,BCEWithLogits
GraphSage,0.6683710737764792,129260,37,37,False,False,dotProduct,BCEWithLogits
GraphSage,0.6190650109569029,129280,37,37,False,False,dotProduct,BCEWithLogits
GraphSage,0.6564544913741821,129300,41,41,False,False,dotProduct,BCEWithLogits
GraphSage,0.6928125,129320,40,40,False,False,dotProduct,BCEWithLogits
GraphSage,0.641025641025641,129340,39,39,False,False,dotProduct,BCEWithLogits
GraphSage,0.7001385041551246,129360,38,38,False,False,dotProduct,BCEWithLogits
GraphSage,0.5945945945945946,129380,37,37,False,False,dotProduct,BCEWithLogits
GraphSage,0.693698347107438,129400,44,44,False,False,dotProduct,BCEWithLogits
GraphSage,0.6156684027777777,129420,48,48,False,False,dotProduct,BCEWithLogits
GraphSage,0.6606404958677686,129440,44,44,False,False,dotProduct,BCEWithLogits
GraphSage,0.6745152354570637,129460,38,38,False,False,dotProduct,BCEWithLogits
GraphSage,0.54,129480,40,40,False,False,dotProduct,BCEWithLogits
GraphSage,0.63232421875,129500,32,32,False,False,dotProduct,BCEWithLogits
GraphSage,0.6866666666666666,129520,30,30,False,False,dotProduct,BCEWithLogits
GraphSage,0.5586734693877551,129540,28,28,False,False,dotProduct,BCEWithLogits
GraphSage,0.5968778696051423,129560,33,33,False,False,dotProduct,BCEWithLogits
GraphSage,0.7040816326530612,129580,28,28,False,False,dotProduct,BCEWithLogits
GraphSage,0.5362718089990818,129600,33,33,False,False,dotProduct,BCEWithLogits
GraphSage,0.564453125,129620,32,32,False,False,dotProduct,BCEWithLogits
GraphSage,0.5519999999999999,129640,25,25,False,False,dotProduct,BCEWithLogits
GraphSage,0.6655555555555556,129660,30,30,False,False,dotProduct,BCEWithLogits
GraphSage,0.4848771266540643,129680,46,46,False,False,dotProduct,BCEWithLogits
GraphSage,0.5711662075298439,129700,33,33,False,False,dotProduct,BCEWithLogits
GraphSage,0.6048210372534697,129720,37,37,False,False,dotProduct,BCEWithLogits
GraphSage,0.580246913580247,129740,27,27,False,False,dotProduct,BCEWithLogits
GraphSage,0.5811111111111112,129760,30,30,False,False,dotProduct,BCEWithLogits
GraphSage,0.443359375,129780,32,32,False,False,dotProduct,BCEWithLogits
GraphSage,0.562955254942768,129800,31,31,False,False,dotProduct,BCEWithLogits
GraphSage,0.533061224489796,129820,35,35,False,False,dotProduct,BCEWithLogits
GraphSage,0.5858290723155588,129840,37,37,False,False,dotProduct,BCEWithLogits
GraphSage,0.5652006172839507,129860,36,36,False,False,dotProduct,BCEWithLogits
GraphSage,0.46301020408163274,129880,28,28,False,False,dotProduct,BCEWithLogits
GraphSage,0.5463728191000918,129900,33,33,False,False,dotProduct,BCEWithLogits
GraphSage,0.611111111111111,129920,36,36,False,False,dotProduct,BCEWithLogits
GraphSage,0.6317722681359045,129940,33,33,False,False,dotProduct,BCEWithLogits
GraphSage,0.576171875,129960,32,32,False,False,dotProduct,BCEWithLogits
GraphSage,0.5029585798816568,129980,26,26,False,False,dotProduct,BCEWithLogits
GraphSage,0.5633608815426997,130000,33,33,False,False,dotProduct,BCEWithLogits
GraphSage,0.5078043704474506,130020,31,31,False,False,dotProduct,BCEWithLogits
GraphSage,0.5650364203954215,130040,31,31,False,False,dotProduct,BCEWithLogits
GraphSage,0.48583984375,130060,32,32,False,False,dotProduct,BCEWithLogits
GraphSage,0.5629017447199266,130080,33,33,False,False,dotProduct,BCEWithLogits
GraphSage,0.5098155859607376,130100,41,41,False,False,dotProduct,BCEWithLogits
GraphSage,0.5617603550295858,130120,52,52,False,False,dotProduct,BCEWithLogits
GraphSage,0.6018325697625988,130140,49,49,False,False,dotProduct,BCEWithLogits
GraphSage,0.62890625,130160,32,32,False,False,dotProduct,BCEWithLogits
GraphSage,0.6294444444444445,130180,30,30,False,False,dotProduct,BCEWithLogits
GraphSage,0.4645061728395062,130200,36,36,False,False,dotProduct,BCEWithLogits
GraphSage,0.5177777777777778,130220,30,30,False,False,dotProduct,BCEWithLogits
GraphSage,0.4664694280078895,130240,39,39,False,False,dotProduct,BCEWithLogits
GraphSage,0.58251953125,130260,32,32,False,False,dotProduct,BCEWithLogits
GraphSage,0.5861224489795919,130280,35,35,False,False,dotProduct,BCEWithLogits
GraphSage,0.7218487394957983,130300,35,34,False,False,dotProduct,BCEWithLogits
GraphSage,0.688,130320,25,25,False,False,dotProduct,BCEWithLogits
GraphSage,0.6336088154269973,130340,33,33,False,False,dotProduct,BCEWithLogits
GraphSage,0.593935790725327,130360,29,29,False,False,dotProduct,BCEWithLogits
GraphSage,0.5855999999999999,130380,25,25,False,False,dotProduct,BCEWithLogits
GraphSage,0.5607638888888888,130400,24,24,False,False,dotProduct,BCEWithLogits
GraphSage,0.4722222222222222,130420,30,30,False,False,dotProduct,BCEWithLogits
GraphSage,0.6203703703703703,130440,36,36,False,False,dotProduct,BCEWithLogits
GraphSage,0.6803840877914953,130460,27,27,False,False,dotProduct,BCEWithLogits
GraphSage,0.6724137931034483,130480,29,29,False,False,dotProduct,BCEWithLogits
GraphSage,0.6576482830385015,130500,31,31,False,False,dotProduct,BCEWithLogits
GraphSage,0.5383333333333334,130520,30,30,False,False,dotProduct,BCEWithLogits
GraphSage,0.488191632928475,130540,39,38,False,False,dotProduct,BCEWithLogits
GraphSage,0.46372819100091833,130560,33,33,False,False,dotProduct,BCEWithLogits
GraphSage,0.4965986394557823,130580,21,21,False,False,dotProduct,BCEWithLogits
GraphSage,0.522633744855967,130600,27,27,False,False,dotProduct,BCEWithLogits
GraphSage,0.6016326530612245,130620,35,35,False,False,dotProduct,BCEWithLogits
GraphSage,0.45394736842105265,130640,38,38,False,False,dotProduct,BCEWithLogits
GraphSage,0.6427221172022684,130660,23,23,False,False,dotProduct,BCEWithLogits
GraphSage,0.52,130680,15,15,False,False,dotProduct,BCEWithLogits
GraphSage,0.78125,130700,16,16,False,False,dotProduct,BCEWithLogits
GraphSage,0.701388888888889,130720,12,12,False,False,dotProduct,BCEWithLogits
GraphSage,0.5022675736961452,130740,21,21,False,False,dotProduct,BCEWithLogits
GraphSage,0.60546875,130760,16,16,False,False,dotProduct,BCEWithLogits
GraphSage,0.7993079584775086,130780,17,17,False,False,dotProduct,BCEWithLogits
GraphSage,0.81,130800,10,10,False,False,dotProduct,BCEWithLogits
GraphSage,0.6028646088474005,0,20940,20940,True,False,dotProduct,BCEWithLogits
GraphSage,0.7310623380582228,126800,81,81,False,True,dotProduct,BCEWithLogits
GraphSage,0.6947337962962963,126820,72,72,False,True,dotProduct,BCEWithLogits
GraphSage,0.6678449690695618,126840,89,89,False,True,dotProduct,BCEWithLogits
GraphSage,0.668334234721471,126860,86,86,False,True,dotProduct,BCEWithLogits
GraphSage,0.6245274102079396,126880,92,92,False,True,dotProduct,BCEWithLogits
GraphSage,0.6146638905413444,126900,82,82,False,True,dotProduct,BCEWithLogits
GraphSage,0.7095761381475667,126920,91,91,False,True,dotProduct,BCEWithLogits
GraphSage,0.6431993032370447,126940,83,83,False,True,dotProduct,BCEWithLogits
GraphSage,0.6287596981613348,126960,97,97,False,True,dotProduct,BCEWithLogits
GraphSage,0.7113702623906705,126980,98,98,False,True,dotProduct,BCEWithLogits
GraphSage,0.6657109124641591,127000,77,77,False,True,dotProduct,BCEWithLogits
GraphSage,0.6940768746061751,127020,69,69,False,True,dotProduct,BCEWithLogits
GraphSage,0.6968590211833455,127040,74,74,False,True,dotProduct,BCEWithLogits
GraphSage,0.6713601393525911,127060,83,83,False,True,dotProduct,BCEWithLogits
GraphSage,0.6659892582377703,127080,83,83,False,True,dotProduct,BCEWithLogits
GraphSage,0.7047748758211826,127100,79,79,False,True,dotProduct,BCEWithLogits
GraphSage,0.6354875283446711,127120,84,84,False,True,dotProduct,BCEWithLogits
GraphSage,0.6490493435943866,127140,94,94,False,True,dotProduct,BCEWithLogits
GraphSage,0.6256747404844291,127160,85,85,False,True,dotProduct,BCEWithLogits
GraphSage,0.686601829002758,127180,83,83,False,True,dotProduct,BCEWithLogits
GraphSage,0.6700624628197501,127200,82,82,False,True,dotProduct,BCEWithLogits
GraphSage,0.681430785123967,127220,88,88,False,True,dotProduct,BCEWithLogits
GraphSage,0.6954400450365923,127240,73,73,False,True,dotProduct,BCEWithLogits
GraphSage,0.6407312925170067,127260,84,84,False,True,dotProduct,BCEWithLogits
GraphSage,0.7192636423405655,127280,78,78,False,True,dotProduct,BCEWithLogits
GraphSage,0.7324075811596923,127300,73,73,False,True,dotProduct,BCEWithLogits
GraphSage,0.6908284023668639,127320,78,78,False,True,dotProduct,BCEWithLogits
GraphSage,0.6630475950006313,127340,89,89,False,True,dotProduct,BCEWithLogits
GraphSage,0.6917517006802721,127360,84,84,False,True,dotProduct,BCEWithLogits
GraphSage,0.5852761430511544,127380,94,94,False,True,dotProduct,BCEWithLogits
GraphSage,0.6289699311677335,127400,91,91,False,True,dotProduct,BCEWithLogits
GraphSage,0.6131687242798354,127420,81,81,False,True,dotProduct,BCEWithLogits
GraphSage,0.6744888888888889,127440,75,75,False,True,dotProduct,BCEWithLogits
GraphSage,0.715135885736957,127460,71,71,False,True,dotProduct,BCEWithLogits
GraphSage,0.6660355029585799,127480,65,65,False,True,dotProduct,BCEWithLogits
GraphSage,0.7939407440409891,127500,67,67,False,True,dotProduct,BCEWithLogits
GraphSage,0.6569712891724526,127520,73,73,False,True,dotProduct,BCEWithLogits
GraphSage,0.7404818560380727,127540,82,82,False,True,dotProduct,BCEWithLogits
GraphSage,0.5569620253164557,127560,79,79,False,True,dotProduct,BCEWithLogits
GraphSage,0.6307156336188126,127580,83,83,False,True,dotProduct,BCEWithLogits
GraphSage,0.618882395909423,127600,74,74,False,True,dotProduct,BCEWithLogits
GraphSage,0.6736669101533966,127620,74,74,False,True,dotProduct,BCEWithLogits
GraphSage,0.644733727810651,127640,65,65,False,True,dotProduct,BCEWithLogits
GraphSage,0.7034399355012093,127660,61,61,False,True,dotProduct,BCEWithLogits
GraphSage,0.6608181647588667,127680,73,73,False,True,dotProduct,BCEWithLogits
GraphSage,0.6998118785272777,127700,61,61,False,True,dotProduct,BCEWithLogits
GraphSage,0.5616461460617306,127720,77,77,False,True,dotProduct,BCEWithLogits
GraphSage,0.6076175362031343,127740,71,71,False,True,dotProduct,BCEWithLogits
GraphSage,0.6685181511604841,127760,71,71,False,True,dotProduct,BCEWithLogits
GraphSage,0.6958622138206259,127780,69,69,False,True,dotProduct,BCEWithLogits
GraphSage,0.590850825188271,127800,79,79,False,True,dotProduct,BCEWithLogits
GraphSage,0.6511604840309463,127820,71,71,False,True,dotProduct,BCEWithLogits
GraphSage,0.6439198571711963,127840,71,71,False,True,dotProduct,BCEWithLogits
GraphSage,0.6295918367346938,127860,70,70,False,True,dotProduct,BCEWithLogits
GraphSage,0.6542011834319527,127880,65,65,False,True,dotProduct,BCEWithLogits
GraphSage,0.6817019722425128,127900,74,74,False,True,dotProduct,BCEWithLogits
GraphSage,0.6733055885850179,127920,58,58,False,True,dotProduct,BCEWithLogits
GraphSage,0.73241288625904,127940,78,78,False,True,dotProduct,BCEWithLogits
GraphSage,0.7136522440204246,127960,61,61,False,True,dotProduct,BCEWithLogits
GraphSage,0.6676406135865595,127980,37,37,False,True,dotProduct,BCEWithLogits
GraphSage,0.6289886425094645,128000,43,43,False,True,dotProduct,BCEWithLogits
GraphSage,0.6424858223062383,128020,46,46,False,True,dotProduct,BCEWithLogits
GraphSage,0.7034531861872553,128040,53,53,False,True,dotProduct,BCEWithLogits
GraphSage,0.70703125,128060,48,48,False,True,dotProduct,BCEWithLogits
GraphSage,0.6204474505723205,128080,62,62,False,True,dotProduct,BCEWithLogits
GraphSage,0.721311475409836,128100,61,61,False,True,dotProduct,BCEWithLogits
GraphSage,0.7527272727272728,128120,55,55,False,True,dotProduct,BCEWithLogits
GraphSage,0.7085714285714286,128140,70,70,False,True,dotProduct,BCEWithLogits
GraphSage,0.6352237654320988,128160,72,72,False,True,dotProduct,BCEWithLogits
GraphSage,0.6321166207529844,128180,66,66,False,True,dotProduct,BCEWithLogits
GraphSage,0.6739001189060642,128200,58,58,False,True,dotProduct,BCEWithLogits
GraphSage,0.6917278317794088,128220,71,71,False,True,dotProduct,BCEWithLogits
GraphSage,0.6504888888888889,128240,75,75,False,True,dotProduct,BCEWithLogits
GraphSage,0.6113609467455622,128260,65,65,False,True,dotProduct,BCEWithLogits
GraphSage,0.5931396484375,128280,64,64,False,True,dotProduct,BCEWithLogits
GraphSage,0.706313775510204,128300,56,56,False,True,dotProduct,BCEWithLogits
GraphSage,0.7159763313609467,128320,52,52,False,True,dotProduct,BCEWithLogits
GraphSage,0.7364,128340,50,50,False,True,dotProduct,BCEWithLogits
GraphSage,0.7211407876867361,128360,47,47,False,True,dotProduct,BCEWithLogits
GraphSage,0.7091491634033463,128380,53,53,False,True,dotProduct,BCEWithLogits
GraphSage,0.6344,128400,50,50,False,True,dotProduct,BCEWithLogits
GraphSage,0.6199637845178814,128420,47,47,False,True,dotProduct,BCEWithLogits
GraphSage,0.7181844297615627,128440,59,59,False,True,dotProduct,BCEWithLogits
GraphSage,0.5963010204081632,128460,56,56,False,True,dotProduct,BCEWithLogits
GraphSage,0.7445130315500686,128480,54,54,False,True,dotProduct,BCEWithLogits
GraphSage,0.6566705113417916,128500,51,51,False,True,dotProduct,BCEWithLogits
GraphSage,0.7697039600153787,128520,51,51,False,True,dotProduct,BCEWithLogits
GraphSage,0.7374576792859342,128540,57,57,False,True,dotProduct,BCEWithLogits
GraphSage,0.7365680473372781,128560,65,65,False,True,dotProduct,BCEWithLogits
GraphSage,0.6486304012345678,128580,72,72,False,True,dotProduct,BCEWithLogits
GraphSage,0.6681588613406795,128600,66,66,False,True,dotProduct,BCEWithLogits
GraphSage,0.6783746556473829,128620,66,66,False,True,dotProduct,BCEWithLogits
GraphSage,0.6957179930795848,128640,68,68,False,True,dotProduct,BCEWithLogits
GraphSage,0.7331226659006032,128660,59,59,False,True,dotProduct,BCEWithLogits
GraphSage,0.7394809775762158,128680,63,63,False,True,dotProduct,BCEWithLogits
GraphSage,0.6943209876543209,128700,45,45,False,True,dotProduct,BCEWithLogits
GraphSage,0.7134449977365324,128720,47,47,False,True,dotProduct,BCEWithLogits
GraphSage,0.6620530565167243,128740,51,51,False,True,dotProduct,BCEWithLogits
GraphSage,0.6559766763848397,128760,49,49,False,True,dotProduct,BCEWithLogits
GraphSage,0.7490548204158791,128780,46,46,False,True,dotProduct,BCEWithLogits
GraphSage,0.6790497448979592,128800,56,56,False,True,dotProduct,BCEWithLogits
GraphSage,0.7567901234567901,128820,45,45,False,True,dotProduct,BCEWithLogits
GraphSage,0.6675295857988167,128840,52,52,False,True,dotProduct,BCEWithLogits
GraphSage,0.6973684210526315,128860,38,38,False,True,dotProduct,BCEWithLogits
GraphSage,0.6676278354479047,128880,51,51,False,True,dotProduct,BCEWithLogits
GraphSage,0.6024,128900,50,50,False,True,dotProduct,BCEWithLogits
GraphSage,0.7168,128920,50,50,False,True,dotProduct,BCEWithLogits
GraphSage,0.6742148760330579,128940,55,55,False,True,dotProduct,BCEWithLogits
GraphSage,0.6714049586776859,128960,55,55,False,True,dotProduct,BCEWithLogits
GraphSage,0.694884563150747,128980,47,47,False,True,dotProduct,BCEWithLogits
GraphSage,0.6989843028624192,129000,57,57,False,True,dotProduct,BCEWithLogits
GraphSage,0.7389053254437871,129020,52,52,False,True,dotProduct,BCEWithLogits
GraphSage,0.7811791383219955,129040,42,42,False,True,dotProduct,BCEWithLogits
GraphSage,0.6107823800131493,129060,39,39,False,True,dotProduct,BCEWithLogits
GraphSage,0.6998377501352082,129080,43,43,False,True,dotProduct,BCEWithLogits
GraphSage,0.7534516765285995,129100,39,39,False,True,dotProduct,BCEWithLogits
GraphSage,0.7091358024691358,129120,45,45,False,True,dotProduct,BCEWithLogits
GraphSage,0.6587301587301587,129140,42,42,False,True,dotProduct,BCEWithLogits
GraphSage,0.6522448979591837,129160,35,35,False,True,dotProduct,BCEWithLogits
GraphSage,0.63579604578564,129180,31,31,False,True,dotProduct,BCEWithLogits
GraphSage,0.6617647058823529,129200,34,34,False,True,dotProduct,BCEWithLogits
GraphSage,0.664718772826881,129220,37,37,False,True,dotProduct,BCEWithLogits
GraphSage,0.5986570247933884,129240,44,44,False,True,dotProduct,BCEWithLogits
GraphSage,0.7311906501095691,129260,37,37,False,True,dotProduct,BCEWithLogits
GraphSage,0.6449963476990505,129280,37,37,False,True,dotProduct,BCEWithLogits
GraphSage,0.6174895895300416,129300,41,41,False,True,dotProduct,BCEWithLogits
GraphSage,0.7200000000000001,129320,40,40,False,True,dotProduct,BCEWithLogits
GraphSage,0.685733070348455,129340,39,39,False,True,dotProduct,BCEWithLogits
GraphSage,0.721606648199446,129360,38,38,False,True,dotProduct,BCEWithLogits
GraphSage,0.679327976625274,129380,37,37,False,True,dotProduct,BCEWithLogits
GraphSage,0.602789256198347,129400,44,44,False,True,dotProduct,BCEWithLogits
GraphSage,0.65625,129420,48,48,False,True,dotProduct,BCEWithLogits
GraphSage,0.6993801652892563,129440,44,44,False,True,dotProduct,BCEWithLogits
GraphSage,0.7510387811634348,129460,38,38,False,True,dotProduct,BCEWithLogits
GraphSage,0.7093750000000001,129480,40,40,False,True,dotProduct,BCEWithLogits
GraphSage,0.775390625,129500,32,32,False,True,dotProduct,BCEWithLogits
GraphSage,0.7577777777777778,129520,30,30,False,True,dotProduct,BCEWithLogits
GraphSage,0.7142857142857142,129540,28,28,False,True,dotProduct,BCEWithLogits
GraphSage,0.674931129476584,129560,33,33,False,True,dotProduct,BCEWithLogits
GraphSage,0.6721938775510204,129580,28,28,False,True,dotProduct,BCEWithLogits
GraphSage,0.7134986225895317,129600,33,33,False,True,dotProduct,BCEWithLogits
GraphSage,0.6787109375,129620,32,32,False,True,dotProduct,BCEWithLogits
GraphSage,0.6447999999999999,129640,25,25,False,True,dotProduct,BCEWithLogits
GraphSage,0.5855555555555556,129660,30,30,False,True,dotProduct,BCEWithLogits
GraphSage,0.5505671077504727,129680,46,46,False,True,dotProduct,BCEWithLogits
GraphSage,0.7217630853994491,129700,33,33,False,True,dotProduct,BCEWithLogits
GraphSage,0.6804236669101533,129720,37,37,False,True,dotProduct,BCEWithLogits
GraphSage,0.6200274348422495,129740,27,27,False,True,dotProduct,BCEWithLogits
GraphSage,0.7166666666666667,129760,30,30,False,True,dotProduct,BCEWithLogits
GraphSage,0.5546875,129780,32,32,False,True,dotProduct,BCEWithLogits
GraphSage,0.8022892819979187,129800,31,31,False,True,dotProduct,BCEWithLogits
GraphSage,0.6122448979591837,129820,35,35,False,True,dotProduct,BCEWithLogits
GraphSage,0.6974474474474475,129840,37,36,False,True,dotProduct,BCEWithLogits
GraphSage,0.6111111111111112,129860,36,36,False,True,dotProduct,BCEWithLogits
GraphSage,0.6696428571428571,129880,28,28,False,True,dotProduct,BCEWithLogits
GraphSage,0.7782369146005509,129900,33,33,False,True,dotProduct,BCEWithLogits
GraphSage,0.6334876543209876,129920,36,36,False,True,dotProduct,BCEWithLogits
GraphSage,0.7061524334251607,129940,33,33,False,True,dotProduct,BCEWithLogits
GraphSage,0.6357421875,129960,32,32,False,True,dotProduct,BCEWithLogits
GraphSage,0.6442307692307693,129980,26,26,False,True,dotProduct,BCEWithLogits
GraphSage,0.610651974288338,130000,33,33,False,True,dotProduct,BCEWithLogits
GraphSage,0.7793964620187305,130020,31,31,False,True,dotProduct,BCEWithLogits
GraphSage,0.7783558792924037,130040,31,31,False,True,dotProduct,BCEWithLogits
GraphSage,0.6572265625,130060,32,32,False,True,dotProduct,BCEWithLogits
GraphSage,0.6317722681359046,130080,33,33,False,True,dotProduct,BCEWithLogits
GraphSage,0.6627007733491969,130100,41,41,False,True,dotProduct,BCEWithLogits
GraphSage,0.6379437869822484,130120,52,52,False,True,dotProduct,BCEWithLogits
GraphSage,0.6303623490212411,130140,49,49,False,True,dotProduct,BCEWithLogits
GraphSage,0.73876953125,130160,32,32,False,True,dotProduct,BCEWithLogits
GraphSage,0.8355555555555556,130180,30,30,False,True,dotProduct,BCEWithLogits
GraphSage,0.8101851851851852,130200,36,36,False,True,dotProduct,BCEWithLogits
GraphSage,0.84,130220,30,30,False,True,dotProduct,BCEWithLogits
GraphSage,0.7518080210387903,130240,39,39,False,True,dotProduct,BCEWithLogits
GraphSage,0.6728515625,130260,32,32,False,True,dotProduct,BCEWithLogits
GraphSage,0.6794117647058824,130280,35,34,False,True,dotProduct,BCEWithLogits
GraphSage,0.7089795918367348,130300,35,35,False,True,dotProduct,BCEWithLogits
GraphSage,0.8112,130320,25,25,False,True,dotProduct,BCEWithLogits
GraphSage,0.7424242424242424,130340,33,33,False,True,dotProduct,BCEWithLogits
GraphSage,0.6456599286563616,130360,29,29,False,True,dotProduct,BCEWithLogits
GraphSage,0.6928,130380,25,25,False,True,dotProduct,BCEWithLogits
GraphSage,0.720486111111111,130400,24,24,False,True,dotProduct,BCEWithLogits
GraphSage,0.6127777777777778,130420,30,30,False,True,dotProduct,BCEWithLogits
GraphSage,0.6936728395061729,130440,36,36,False,True,dotProduct,BCEWithLogits
GraphSage,0.7489711934156378,130460,27,27,False,True,dotProduct,BCEWithLogits
GraphSage,0.6837098692033294,130480,29,29,False,True,dotProduct,BCEWithLogits
GraphSage,0.6305931321540061,130500,31,31,False,True,dotProduct,BCEWithLogits
GraphSage,0.5902298850574712,130520,30,29,False,True,dotProduct,BCEWithLogits
GraphSage,0.6053361053361053,130540,39,37,False,True,dotProduct,BCEWithLogits
GraphSage,0.6386593204775023,130560,33,33,False,True,dotProduct,BCEWithLogits
GraphSage,0.6417233560090703,130580,21,21,False,True,dotProduct,BCEWithLogits
GraphSage,0.7290809327846365,130600,27,27,False,True,dotProduct,BCEWithLogits
GraphSage,0.7265306122448979,130620,35,35,False,True,dotProduct,BCEWithLogits
GraphSage,0.6045706371191136,130640,38,38,False,True,dotProduct,BCEWithLogits
GraphSage,0.5633270321361059,130660,23,23,False,True,dotProduct,BCEWithLogits
GraphSage,0.8222222222222222,130680,15,15,False,True,dotProduct,BCEWithLogits
GraphSage,0.68359375,130700,16,16,False,True,dotProduct,BCEWithLogits
GraphSage,0.6388888888888888,130720,12,12,False,True,dotProduct,BCEWithLogits
GraphSage,0.7165532879818594,130740,21,21,False,True,dotProduct,BCEWithLogits
GraphSage,0.703125,130760,16,16,False,True,dotProduct,BCEWithLogits
GraphSage,0.7681660899653979,130780,17,17,False,True,dotProduct,BCEWithLogits
GraphSage,0.82,130800,10,10,False,True,dotProduct,BCEWithLogits
GraphConv,0.713166713646759,0,20940,20940,True,True,dotProduct,BCEWithLogits
GraphConv,0.53360768175583,126800,81,81,False,False,dotProduct,BCEWithLogits
GraphConv,0.5276813271604939,126820,72,72,False,False,dotProduct,BCEWithLogits
GraphConv,0.5210200732230779,126840,89,89,False,False,dotProduct,BCEWithLogits
GraphConv,0.5179150892374256,126860,86,86,False,False,dotProduct,BCEWithLogits
GraphConv,0.5845344990548204,126880,92,92,False,False,dotProduct,BCEWithLogits
GraphConv,0.5553242117787032,126900,82,82,False,False,dotProduct,BCEWithLogits
GraphConv,0.5789155899046008,126920,91,91,False,False,dotProduct,BCEWithLogits
GraphConv,0.533749455653941,126940,83,83,False,False,dotProduct,BCEWithLogits
GraphConv,0.46933786799872457,126960,97,97,False,False,dotProduct,BCEWithLogits
GraphConv,0.5160349854227405,126980,98,98,False,False,dotProduct,BCEWithLogits
GraphConv,0.5916680721875528,127000,77,77,False,False,dotProduct,BCEWithLogits
GraphConv,0.5097668557025835,127020,69,69,False,False,dotProduct,BCEWithLogits
GraphConv,0.5264791818845873,127040,74,74,False,False,dotProduct,BCEWithLogits
GraphConv,0.4917985193787197,127060,83,83,False,False,dotProduct,BCEWithLogits
GraphConv,0.5064595732326898,127080,83,83,False,False,dotProduct,BCEWithLogits
GraphConv,0.55135394968755,127100,79,79,False,False,dotProduct,BCEWithLogits
GraphConv,0.5542091836734693,127120,84,84,False,False,dotProduct,BCEWithLogits
GraphConv,0.5411951109099139,127140,94,94,False,False,dotProduct,BCEWithLogits
GraphConv,0.5442214532871972,127160,85,85,False,False,dotProduct,BCEWithLogits
GraphConv,0.49818551313688486,127180,83,83,False,False,dotProduct,BCEWithLogits
GraphConv,0.567965496728138,127200,82,82,False,False,dotProduct,BCEWithLogits
GraphConv,0.5853564049586778,127220,88,88,False,False,dotProduct,BCEWithLogits
GraphConv,0.4687558641396134,127240,73,73,False,False,dotProduct,BCEWithLogits
GraphConv,0.5235969387755102,127260,84,84,False,False,dotProduct,BCEWithLogits
GraphConv,0.5424884944115713,127280,78,78,False,False,dotProduct,BCEWithLogits
GraphConv,0.6004878964158378,127300,73,73,False,False,dotProduct,BCEWithLogits
GraphConv,0.5382971729125575,127320,78,78,False,False,dotProduct,BCEWithLogits
GraphConv,0.579093548794344,127340,89,89,False,False,dotProduct,BCEWithLogits
GraphConv,0.564484126984127,127360,84,84,False,False,dotProduct,BCEWithLogits
GraphConv,0.5260298777727478,127380,94,94,False,False,dotProduct,BCEWithLogits
GraphConv,0.5534959545948557,127400,91,91,False,False,dotProduct,BCEWithLogits
GraphConv,0.5596707818930041,127420,81,81,False,False,dotProduct,BCEWithLogits
GraphConv,0.5459555555555556,127440,75,75,False,False,dotProduct,BCEWithLogits
GraphConv,0.5208292005554453,127460,71,71,False,False,dotProduct,BCEWithLogits
GraphConv,0.5829585798816569,127480,65,65,False,False,dotProduct,BCEWithLogits
GraphConv,0.5805301848964135,127500,67,67,False,False,dotProduct,BCEWithLogits
GraphConv,0.5096641020829424,127520,73,73,False,False,dotProduct,BCEWithLogits
GraphConv,0.5880428316478287,127540,82,82,False,False,dotProduct,BCEWithLogits
GraphConv,0.5255568017945842,127560,79,79,False,False,dotProduct,BCEWithLogits
GraphConv,0.5819422267382784,127580,83,83,False,False,dotProduct,BCEWithLogits
GraphConv,0.5845507669831994,127600,74,74,False,False,dotProduct,BCEWithLogits
GraphConv,0.5191745799853908,127620,74,74,False,False,dotProduct,BCEWithLogits
GraphConv,0.5170414201183432,127640,65,65,False,False,dotProduct,BCEWithLogits
GraphConv,0.4821284600913732,127660,61,61,False,False,dotProduct,BCEWithLogits
GraphConv,0.5248639519609684,127680,73,73,False,False,dotProduct,BCEWithLogits
GraphConv,0.5673206127385112,127700,61,61,False,False,dotProduct,BCEWithLogits
GraphConv,0.47529094282341033,127720,77,77,False,False,dotProduct,BCEWithLogits
GraphConv,0.528466574092442,127740,71,71,False,False,dotProduct,BCEWithLogits
GraphConv,0.5359055742908154,127760,71,71,False,False,dotProduct,BCEWithLogits
GraphConv,0.5165931526990128,127780,69,69,False,False,dotProduct,BCEWithLogits
GraphConv,0.48942477167120657,127800,79,79,False,False,dotProduct,BCEWithLogits
GraphConv,0.4935528664947431,127820,71,71,False,False,dotProduct,BCEWithLogits
GraphConv,0.5427494544733188,127840,71,71,False,False,dotProduct,BCEWithLogits
GraphConv,0.5157142857142858,127860,70,70,False,False,dotProduct,BCEWithLogits
GraphConv,0.5415384615384615,127880,65,65,False,False,dotProduct,BCEWithLogits
GraphConv,0.4859386413440467,127900,74,74,False,False,dotProduct,BCEWithLogits
GraphConv,0.49732461355529134,127920,58,58,False,False,dotProduct,BCEWithLogits
GraphConv,0.5733070348454964,127940,78,78,False,False,dotProduct,BCEWithLogits
GraphConv,0.596345068529965,127960,61,61,False,False,dotProduct,BCEWithLogits
GraphConv,0.5266617969320672,127980,37,37,False,False,dotProduct,BCEWithLogits
GraphConv,0.5375878853434289,128000,43,43,False,False,dotProduct,BCEWithLogits
GraphConv,0.5207939508506616,128020,46,46,False,False,dotProduct,BCEWithLogits
GraphConv,0.5991456034175864,128040,53,53,False,False,dotProduct,BCEWithLogits
GraphConv,0.4735243055555555,128060,48,48,False,False,dotProduct,BCEWithLogits
GraphConv,0.4445889698231009,128080,62,62,False,False,dotProduct,BCEWithLogits
GraphConv,0.4754098360655738,128100,61,61,False,False,dotProduct,BCEWithLogits
GraphConv,0.5471074380165288,128120,55,55,False,False,dotProduct,BCEWithLogits
GraphConv,0.5675510204081632,128140,70,70,False,False,dotProduct,BCEWithLogits
GraphConv,0.4897762345679013,128160,72,72,False,False,dotProduct,BCEWithLogits
GraphConv,0.48347107438016523,128180,66,66,False,False,dotProduct,BCEWithLogits
GraphConv,0.45986920332936976,128200,58,58,False,False,dotProduct,BCEWithLogits
GraphConv,0.4637968657012498,128220,71,71,False,False,dotProduct,BCEWithLogits
GraphConv,0.5048888888888889,128240,75,75,False,False,dotProduct,BCEWithLogits
GraphConv,0.5152662721893491,128260,65,65,False,False,dotProduct,BCEWithLogits
GraphConv,0.6285400390625,128280,64,64,False,False,dotProduct,BCEWithLogits
GraphConv,0.5430484693877552,128300,56,56,False,False,dotProduct,BCEWithLogits
GraphConv,0.5547337278106509,128320,52,52,False,False,dotProduct,BCEWithLogits
GraphConv,0.5660000000000001,128340,50,50,False,False,dotProduct,BCEWithLogits
GraphConv,0.5382526029877772,128360,47,47,False,False,dotProduct,BCEWithLogits
GraphConv,0.5336418654325383,128380,53,53,False,False,dotProduct,BCEWithLogits
GraphConv,0.5224,128400,50,50,False,False,dotProduct,BCEWithLogits
GraphConv,0.5196921684019918,128420,47,47,False,False,dotProduct,BCEWithLogits
GraphConv,0.5107727664464234,128440,59,59,False,False,dotProduct,BCEWithLogits
GraphConv,0.5688775510204082,128460,56,56,False,False,dotProduct,BCEWithLogits
GraphConv,0.6179698216735253,128480,54,54,False,False,dotProduct,BCEWithLogits
GraphConv,0.5169165705497885,128500,51,51,False,False,dotProduct,BCEWithLogits
GraphConv,0.5511341791618607,128520,51,51,False,False,dotProduct,BCEWithLogits
GraphConv,0.48368728839642966,128540,57,57,False,False,dotProduct,BCEWithLogits
GraphConv,0.5533727810650888,128560,65,65,False,False,dotProduct,BCEWithLogits
GraphConv,0.5204475308641975,128580,72,72,False,False,dotProduct,BCEWithLogits
GraphConv,0.5151515151515151,128600,66,66,False,False,dotProduct,BCEWithLogits
GraphConv,0.5236455463728191,128620,66,66,False,False,dotProduct,BCEWithLogits
GraphConv,0.5441176470588235,128640,68,68,False,False,dotProduct,BCEWithLogits
GraphConv,0.5268600976730824,128660,59,59,False,False,dotProduct,BCEWithLogits
GraphConv,0.5122197026958931,128680,63,63,False,False,dotProduct,BCEWithLogits
GraphConv,0.5123456790123456,128700,45,45,False,False,dotProduct,BCEWithLogits
GraphConv,0.5255771842462653,128720,47,47,False,False,dotProduct,BCEWithLogits
GraphConv,0.5363321799307958,128740,51,51,False,False,dotProduct,BCEWithLogits
GraphConv,0.62161599333611,128760,49,49,False,False,dotProduct,BCEWithLogits
GraphConv,0.5460775047258979,128780,46,46,False,False,dotProduct,BCEWithLogits
GraphConv,0.5902423469387755,128800,56,56,False,False,dotProduct,BCEWithLogits
GraphConv,0.585432098765432,128820,45,45,False,False,dotProduct,BCEWithLogits
GraphConv,0.5044378698224852,128840,52,52,False,False,dotProduct,BCEWithLogits
GraphConv,0.5363573407202216,128860,38,38,False,False,dotProduct,BCEWithLogits
GraphConv,0.5332564398308344,128880,51,51,False,False,dotProduct,BCEWithLogits
GraphConv,0.6017999999999999,128900,50,50,False,False,dotProduct,BCEWithLogits
GraphConv,0.5856,128920,50,50,False,False,dotProduct,BCEWithLogits
GraphConv,0.5765289256198347,128940,55,55,False,False,dotProduct,BCEWithLogits
GraphConv,0.6038016528925619,128960,55,55,False,False,dotProduct,BCEWithLogits
GraphConv,0.5468537799909461,128980,47,47,False,False,dotProduct,BCEWithLogits
GraphConv,0.5269313634964604,129000,57,57,False,False,dotProduct,BCEWithLogits
GraphConv,0.5260724852071006,129020,52,52,False,False,dotProduct,BCEWithLogits
GraphConv,0.44217687074829937,129040,42,42,False,False,dotProduct,BCEWithLogits
GraphConv,0.4543063773833005,129060,39,39,False,False,dotProduct,BCEWithLogits
GraphConv,0.4480800432666306,129080,43,43,False,False,dotProduct,BCEWithLogits
GraphConv,0.46285338593030895,129100,39,39,False,False,dotProduct,BCEWithLogits
GraphConv,0.5066666666666666,129120,45,45,False,False,dotProduct,BCEWithLogits
GraphConv,0.5294784580498866,129140,42,42,False,False,dotProduct,BCEWithLogits
GraphConv,0.6081632653061224,129160,35,35,False,False,dotProduct,BCEWithLogits
GraphConv,0.6337148803329865,129180,31,31,False,False,dotProduct,BCEWithLogits
GraphConv,0.5328719723183392,129200,34,34,False,False,dotProduct,BCEWithLogits
GraphConv,0.5230094959824689,129220,37,37,False,False,dotProduct,BCEWithLogits
GraphConv,0.5441632231404959,129240,44,44,False,False,dotProduct,BCEWithLogits
GraphConv,0.4967129291453616,129260,37,37,False,False,dotProduct,BCEWithLogits
GraphConv,0.5726807888970051,129280,37,37,False,False,dotProduct,BCEWithLogits
GraphConv,0.5276621058893516,129300,41,41,False,False,dotProduct,BCEWithLogits
GraphConv,0.556875,129320,40,40,False,False,dotProduct,BCEWithLogits
GraphConv,0.5213675213675214,129340,39,39,False,False,dotProduct,BCEWithLogits
GraphConv,0.45844875346260383,129360,38,38,False,False,dotProduct,BCEWithLogits
GraphConv,0.5032870708546384,129380,37,37,False,False,dotProduct,BCEWithLogits
GraphConv,0.43517561983471076,129400,44,44,False,False,dotProduct,BCEWithLogits
GraphConv,0.4986979166666667,129420,48,48,False,False,dotProduct,BCEWithLogits
GraphConv,0.5480371900826447,129440,44,44,False,False,dotProduct,BCEWithLogits
GraphConv,0.6322714681440443,129460,38,38,False,False,dotProduct,BCEWithLogits
GraphConv,0.60375,129480,40,40,False,False,dotProduct,BCEWithLogits
GraphConv,0.5634765625,129500,32,32,False,False,dotProduct,BCEWithLogits
GraphConv,0.5555555555555556,129520,30,30,False,False,dotProduct,BCEWithLogits
GraphConv,0.4630102040816326,129540,28,28,False,False,dotProduct,BCEWithLogits
GraphConv,0.460514233241506,129560,33,33,False,False,dotProduct,BCEWithLogits
GraphConv,0.5510204081632653,129580,28,28,False,False,dotProduct,BCEWithLogits
GraphConv,0.6189164370982553,129600,33,33,False,False,dotProduct,BCEWithLogits
GraphConv,0.5234375,129620,32,32,False,False,dotProduct,BCEWithLogits
GraphConv,0.5424,129640,25,25,False,False,dotProduct,BCEWithLogits
GraphConv,0.5222222222222221,129660,30,30,False,False,dotProduct,BCEWithLogits
GraphConv,0.42674858223062384,129680,46,46,False,False,dotProduct,BCEWithLogits
GraphConv,0.5831037649219467,129700,33,33,False,False,dotProduct,BCEWithLogits
GraphConv,0.6102994886778671,129720,37,37,False,False,dotProduct,BCEWithLogits
GraphConv,0.6255144032921811,129740,27,27,False,False,dotProduct,BCEWithLogits
GraphConv,0.4733333333333333,129760,30,30,False,False,dotProduct,BCEWithLogits
GraphConv,0.46630859375,129780,32,32,False,False,dotProduct,BCEWithLogits
GraphConv,0.6097814776274714,129800,31,31,False,False,dotProduct,BCEWithLogits
GraphConv,0.5457142857142857,129820,35,35,False,False,dotProduct,BCEWithLogits
GraphConv,0.5639152666179693,129840,37,37,False,False,dotProduct,BCEWithLogits
GraphConv,0.5690586419753088,129860,36,36,False,False,dotProduct,BCEWithLogits
GraphConv,0.5535714285714285,129880,28,28,False,False,dotProduct,BCEWithLogits
GraphConv,0.6078971533516988,129900,33,33,False,False,dotProduct,BCEWithLogits
GraphConv,0.5516975308641976,129920,36,36,False,False,dotProduct,BCEWithLogits
GraphConv,0.6446280991735537,129940,33,33,False,False,dotProduct,BCEWithLogits
GraphConv,0.49072265625,129960,32,32,False,False,dotProduct,BCEWithLogits
GraphConv,0.6479289940828402,129980,26,26,False,False,dotProduct,BCEWithLogits
GraphConv,0.512396694214876,130000,33,33,False,False,dotProduct,BCEWithLogits
GraphConv,0.4547346514047867,130020,31,31,False,False,dotProduct,BCEWithLogits
GraphConv,0.4484911550468262,130040,31,31,False,False,dotProduct,BCEWithLogits
GraphConv,0.423828125,130060,32,32,False,False,dotProduct,BCEWithLogits
GraphConv,0.5133149678604224,130080,33,33,False,False,dotProduct,BCEWithLogits
GraphConv,0.5758477096966093,130100,41,41,False,False,dotProduct,BCEWithLogits
GraphConv,0.5306952662721893,130120,52,52,False,False,dotProduct,BCEWithLogits
GraphConv,0.5243648479800084,130140,49,49,False,False,dotProduct,BCEWithLogits
GraphConv,0.5390625,130160,32,32,False,False,dotProduct,BCEWithLogits
GraphConv,0.5811111111111111,130180,30,30,False,False,dotProduct,BCEWithLogits
GraphConv,0.6658950617283951,130200,36,36,False,False,dotProduct,BCEWithLogits
GraphConv,0.5355555555555556,130220,30,30,False,False,dotProduct,BCEWithLogits
GraphConv,0.6216305062458909,130240,39,39,False,False,dotProduct,BCEWithLogits
GraphConv,0.60302734375,130260,32,32,False,False,dotProduct,BCEWithLogits
GraphConv,0.5897959183673469,130280,35,35,False,False,dotProduct,BCEWithLogits
GraphConv,0.5183673469387755,130300,35,35,False,False,dotProduct,BCEWithLogits
GraphConv,0.5904,130320,25,25,False,False,dotProduct,BCEWithLogits
GraphConv,0.628099173553719,130340,33,33,False,False,dotProduct,BCEWithLogits
GraphConv,0.5755053507728893,130360,29,29,False,False,dotProduct,BCEWithLogits
GraphConv,0.5424,130380,25,25,False,False,dotProduct,BCEWithLogits
GraphConv,0.5902777777777778,130400,24,24,False,False,dotProduct,BCEWithLogits
GraphConv,0.4988888888888889,130420,30,30,False,False,dotProduct,BCEWithLogits
GraphConv,0.5740740740740741,130440,36,36,False,False,dotProduct,BCEWithLogits
GraphConv,0.6632373113854595,130460,27,27,False,False,dotProduct,BCEWithLogits
GraphConv,0.6706302021403091,130480,29,29,False,False,dotProduct,BCEWithLogits
GraphConv,0.6233090530697191,130500,31,31,False,False,dotProduct,BCEWithLogits
GraphConv,0.6055555555555555,130520,30,30,False,False,dotProduct,BCEWithLogits
GraphConv,0.6074950690335306,130540,39,39,False,False,dotProduct,BCEWithLogits
GraphConv,0.6097337006427915,130560,33,33,False,False,dotProduct,BCEWithLogits
GraphConv,0.6598639455782312,130580,21,21,False,False,dotProduct,BCEWithLogits
GraphConv,0.6810699588477367,130600,27,27,False,False,dotProduct,BCEWithLogits
GraphConv,0.5444897959183673,130620,35,35,False,False,dotProduct,BCEWithLogits
GraphConv,0.5557479224376731,130640,38,38,False,False,dotProduct,BCEWithLogits
GraphConv,0.5671077504725898,130660,23,23,False,False,dotProduct,BCEWithLogits
GraphConv,0.6311111111111112,130680,15,15,False,False,dotProduct,BCEWithLogits
GraphConv,0.68359375,130700,16,16,False,False,dotProduct,BCEWithLogits
GraphConv,0.5555555555555556,130720,12,12,False,False,dotProduct,BCEWithLogits
GraphConv,0.5941043083900226,130740,21,21,False,False,dotProduct,BCEWithLogits
GraphConv,0.56640625,130760,16,16,False,False,dotProduct,BCEWithLogits
GraphConv,0.5640138408304498,130780,17,17,False,False,dotProduct,BCEWithLogits
GraphConv,0.67,130800,10,10,False,False,dotProduct,BCEWithLogits
GraphConv,0.5929480464035599,0,20940,20940,True,False,dotProduct,BCEWithLogits
